<?xml version="1.0" encoding="UTF-8"?>
<project-private xmlns="http://www.netbeans.org/ns/project-private/1">
    <editor-bookmarks xmlns="http://www.netbeans.org/ns/editor-bookmarks/2" lastBookmarkId="0"/>
    <open-files xmlns="http://www.netbeans.org/ns/projectui-open-files/2">
        <group>
            <file>file:/E:/8thsem/restaurant-automation-system-master/restaurant-management-system-master/src/restaurantsystem/component/order/OrderManagement.java</file>
            <file>file:/E:/8thsem/restaurant-automation-system-master/restaurant-management-system-master/src/restaurantsystem/component/billing/BillingHelper.java</file>
            <file>file:/E:/8thsem/restaurant-automation-system-master/restaurant-management-system-master/src/restaurantsystem/service/ItemService.java</file>
            <file>file:/E:/8thsem/restaurant-automation-system-master/restaurant-management-system-master/src/restaurantsystem/component/billing/BillingManagement.java</file>
            <file>file:/E:/8thsem/restaurant-automation-system-master/restaurant-management-system-master/src/restaurantsystem/model/OrderLine.java</file>
        </group>
    </open-files>
</project-private>
